<?xml version="1.0" encoding="utf-8"?><rulebase region="en-US" timezone="Etc/GMT"><entity text="Global" name="global" has-public-name="true" singleton="true"><attribute name="bfa41770-b470-4b03-b483-eee1870abd65" has-public-name="false" type="Boolean" /><attribute name="78e874b3-6eef-4e98-98f7-a8d9e8e365de" has-public-name="false" type="Boolean" /><attribute name="45a5754d-5fbd-4d61-b1af-2caa57ad2ec6" has-public-name="false" type="Boolean" /><attribute name="c94495f8-6b5e-41fe-b387-5827a0c9fb1d" has-public-name="false" type="Boolean" /><attribute name="29124812-5be3-4866-a093-2b7589dbc0d5" has-public-name="false" type="Boolean" /><attribute name="599794b4-bf1e-473e-8cc4-b8a423d92beb" has-public-name="false" type="Boolean" /><attribute name="054bf615-e762-4d33-b9a1-40e04fdf215f" has-public-name="false" type="Boolean" /><attribute name="235ab23a-b912-4d9f-addc-8de61ecd458e" has-public-name="false" type="Boolean" /></entity><rules module="Warranty Claims (Intro):399F877F958274435DAD9B2D98EF10C9"><conclude attr-id="bfa41770-b470-4b03-b483-eee1870abd65" entity-id="global" scope-id="global0"><value><true-value /></value><condition><or><attribute attr-id="78e874b3-6eef-4e98-98f7-a8d9e8e365de" /><attribute attr-id="45a5754d-5fbd-4d61-b1af-2caa57ad2ec6" /></or></condition><otherwise><false-value /></otherwise></conclude><conclude attr-id="45a5754d-5fbd-4d61-b1af-2caa57ad2ec6" entity-id="global" scope-id="global0"><value><true-value /></value><condition><or><attribute attr-id="c94495f8-6b5e-41fe-b387-5827a0c9fb1d" /><attribute attr-id="29124812-5be3-4866-a093-2b7589dbc0d5" /></or></condition><otherwise><false-value /></otherwise></conclude><conclude attr-id="599794b4-bf1e-473e-8cc4-b8a423d92beb" entity-id="global" scope-id="global0"><value><true-value /></value><condition><or><attribute attr-id="054bf615-e762-4d33-b9a1-40e04fdf215f" /><attribute attr-id="235ab23a-b912-4d9f-addc-8de61ecd458e" /></or></condition><otherwise><false-value /></otherwise></conclude></rules></rulebase>