﻿<?xml version="1.0" encoding="utf-8"?>
<enumerations product-version="12.2.12.131" xml:lang="en-US" region="en-US">
  <enumeration id="585201cb-f2e4-4972-9ee9-685822043fdb" name="Sale_Or_Long_Term_Lease" data-type="text">
    <val is-uncertain="true" node-depth="0" display-name="" />
    <val value="Yes" node-depth="0" display-name="Yes" />
    <val value="No" node-depth="0" display-name="No" />
    <val value="More Info" node-depth="0" display-name="More Info" />
  </enumeration>
  <enumeration id="b5626b5d-05f3-4724-8348-c33f51b4acee" name="New_Residential_Premise_Or_Potential_Residential_Land" data-type="text">
    <val is-uncertain="true" node-depth="0" display-name="" />
    <val value="Yes" node-depth="0" display-name="Yes" />
    <val value="No" node-depth="0" display-name="No" />
    <val value="More Info" node-depth="0" display-name="More Info" />
  </enumeration>
  <enumeration id="87c4b499-b4d6-4e34-ab14-78edf6bc4b12" name="Transitonal_Rules" data-type="text">
    <val is-uncertain="true" node-depth="0" display-name="" />
    <val value="Yes" node-depth="0" display-name="Yes" />
    <val value="No" node-depth="0" display-name="No" />
    <val value="More Info" node-depth="0" display-name="More Info" />
  </enumeration>
  <enumeration id="556c2201-2f2d-4021-b836-2e50c1aa8367" name="Title" data-type="text">
    <val is-uncertain="true" node-depth="0" display-name="" />
    <val value="Mr" node-depth="0" display-name="Mr" />
    <val value="Mrs" node-depth="0" display-name="Mrs" />
    <val value="Miss" node-depth="0" display-name="Miss" />
    <val value="Ms" node-depth="0" display-name="Ms" />
    <val value="Other" node-depth="0" display-name="Other" />
  </enumeration>
  <enumeration id="128e5a11-c1c6-4f9a-b755-0894e0ee3bca" name="Recipient_Taxable_Supply" data-type="text">
    <val is-uncertain="true" node-depth="0" display-name="" />
    <val value="Yes" node-depth="0" display-name="Yes" />
    <val value="No" node-depth="0" display-name="No" />
    <val value="More Info" node-depth="0" display-name="More Info" />
  </enumeration>
  <enumeration id="acb2fd64-1f46-4bbe-aceb-b772b52cb758" name="Payment_Type" data-type="text">
    <val is-uncertain="true" node-depth="0" display-name="" />
    <val value="Margin Scheme" node-depth="0" display-name="Margin Scheme" />
    <val value="Between associates" node-depth="0" display-name="Between associates" />
    <val value="Partly a supply of residential premises" node-depth="0" display-name="Partly a supply of residential premises" />
    <val value="Multiple recipients" node-depth="0" display-name="Multiple recipients" />
    <val value="General case" node-depth="0" display-name="General case" />
  </enumeration>
</enumerations>