<?xml version="1.0" encoding="utf-8"?><rulebase region="en-US" timezone="Etc/GMT"><entity text="Global" name="global" has-public-name="true" can-load-externally="false" singleton="true"><attribute name="da3554c5-839a-4b60-94aa-b004f7a4ead6" has-public-name="false" type="Boolean" /><attribute name="6948a391-a050-4073-8e1e-cbe3e96c7511" has-public-name="false" type="Text"><enumeration-list ref-id="585201cb-f2e4-4972-9ee9-685822043fdb" /></attribute><attribute name="c81738d2-5310-4793-82dd-e7dcebb638f4" has-public-name="false" type="Text"><enumeration-list ref-id="b5626b5d-05f3-4724-8348-c33f51b4acee" /></attribute><attribute name="e25f1b49-5eda-401c-89d2-1939ed6b6030" has-public-name="false" type="Text" invisible="true" silent-if-unknown="true"><enumeration-list ref-id="87c4b499-b4d6-4e34-ab14-78edf6bc4b12" /></attribute><attribute name="app_title" has-public-name="true" type="Text"><enumeration-list ref-id="556c2201-2f2d-4021-b836-2e50c1aa8367" /></attribute><attribute name="app_firstname" has-public-name="true" type="Text" /><attribute name="app_lastname" has-public-name="true" type="Text" /><attribute name="app_phone" has-public-name="true" type="Text" validate-regexp="^[0-9]{10}$" /><attribute name="app_email" has-public-name="true" type="Text" validate-regexp="^[\w-]+(?:\.[\w-]+)*@(?:[\w-]+\.)+[a-zA-Z]{2,7}$" /><attribute name="contract_date" has-public-name="true" type="Date" /><attribute name="expected_settlement_date" has-public-name="true" type="Date" /><attribute name="contract_price" has-public-name="true" type="Currency" /><attribute name="app_status" has-public-name="true" type="Text" /><attribute name="settlement_date" has-public-name="true" type="Date" /><attribute name="app_paymentreference" has-public-name="true" type="Number" display-unformatted="true" /><attribute name="prop_postcode" has-public-name="true" type="Text" validate-regexp="^[0-9]{4}$" /><attribute name="total_withholding_amount" has-public-name="true" type="Currency" /><attribute name="prop_suburb" has-public-name="true" type="Text" /><attribute name="app_lodgementreference" has-public-name="true" type="Number" display-unformatted="true" /><attribute name="prop_address" has-public-name="true" type="Text" /><attribute name="prop_type" has-public-name="true" type="Text" /><attribute name="prop_stateterritory" has-public-name="true" type="Text" /><attribute name="98a4622f-7031-4c75-be9e-bc23f23b79c3" has-public-name="false" type="Boolean" /><attribute name="NT_folio" has-public-name="true" type="Number" display-unformatted="true" /><attribute name="WA_plan" has-public-name="true" type="Number" display-unformatted="true" /><attribute name="WA_plantype" has-public-name="true" type="Number" display-unformatted="true" /><attribute name="WA_lot" has-public-name="true" type="Number" display-unformatted="true" /><attribute name="TAS_folio" has-public-name="true" type="Number" display-unformatted="true" /><attribute name="WA_volume" has-public-name="true" type="Number" display-unformatted="true" /><attribute name="NSW_sectionblock" has-public-name="true" type="Number" display-unformatted="true" /><attribute name="TAS_volume" has-public-name="true" type="Number" display-unformatted="true" /><attribute name="NSW_plan" has-public-name="true" type="Number" display-unformatted="true" /><attribute name="NT_lot" has-public-name="true" type="Number" display-unformatted="true" /><attribute name="NT_sectionblock" has-public-name="true" type="Number" display-unformatted="true" /><attribute name="NT_plantype" has-public-name="true" type="Number" display-unformatted="true" /><attribute name="ACT_sectionblock" has-public-name="true" type="Number" display-unformatted="true" /><attribute name="ACT_folio" has-public-name="true" type="Number" display-unformatted="true" /><attribute name="ACT_volume" has-public-name="true" type="Number" display-unformatted="true" /><attribute name="NSW_lot" has-public-name="true" type="Number" display-unformatted="true" /><attribute name="NT_plan" has-public-name="true" type="Number" display-unformatted="true" /><attribute name="NSW_plantype" has-public-name="true" type="Number" display-unformatted="true" /><attribute name="WA_folio" has-public-name="true" type="Number" display-unformatted="true" /><attribute name="SA_lot" has-public-name="true" type="Number" display-unformatted="true" /><attribute name="VIC_plantype" has-public-name="true" type="Number" display-unformatted="true" /><attribute name="SA_plantype" has-public-name="true" type="Number" display-unformatted="true" /><attribute name="SA_plan" has-public-name="true" type="Number" display-unformatted="true" /><attribute name="QLD_plan" has-public-name="true" type="Number" display-unformatted="true" /><attribute name="VIC_lot" has-public-name="true" type="Number" display-unformatted="true" /><attribute name="VIC_plan" has-public-name="true" type="Number" display-unformatted="true" /><attribute name="QLD_lot" has-public-name="true" type="Number" display-unformatted="true" /><attribute name="QLD_plantype" has-public-name="true" type="Number" display-unformatted="true" /><attribute name="40bdd1f4-3134-4588-9215-46f8d876894c" has-public-name="false" type="Boolean" /><attribute name="5be68709-95fc-4218-962c-1cb7a8909d72" has-public-name="false" type="Boolean" /><attribute name="4d522049-8b09-42b3-a258-0ada663d5dac" has-public-name="false" type="Boolean" invisible-if-false="true" /><attribute name="686acc96-07e2-40bc-a173-02f5cfed8024" has-public-name="false" type="Boolean" /><attribute name="c8c2866f-8d6b-4e10-9a3b-7d9cc37b36ac" has-public-name="false" type="Boolean" /><attribute name="eba118f1-7d43-4ceb-a413-95a80f5eebc7" has-public-name="false" type="Boolean" /><attribute name="44ab2e77-072e-4230-9c3c-b668565a9b17" has-public-name="false" type="Text"><enumeration-list ref-id="128e5a11-c1c6-4f9a-b755-0894e0ee3bca" /></attribute><attribute name="240bb55d-f50e-4a09-b51e-94a2c05d8031" has-public-name="false" type="Boolean" /><attribute name="app_declaration_form2" has-public-name="true" type="Boolean" /><attribute name="45f13803-47dc-415e-af53-6ba187a87069" has-public-name="false" type="Boolean" /><attribute name="Form_one_consent" has-public-name="true" type="Boolean" /><attribute name="4895277f-f899-4700-8bbc-c2f4c8cc8ae9" has-public-name="false" type="Boolean" /><attribute name="purchaser" has-public-name="true" type="Text" /><attribute name="supp_firstname" has-public-name="true" type="Text" /><attribute name="supp_lastname" has-public-name="true" type="Text" /><attribute name="supp_ABN" has-public-name="true" type="Number" display-unformatted="true" /><attribute name="supp_phone" has-public-name="true" type="Text" validate-regexp="^[0-9]{10}$" /><attribute name="supp_country" has-public-name="true" type="Text" /><attribute name="supp_address" has-public-name="true" type="Text" /><attribute name="supp_postcode" has-public-name="true" type="Text" validate-regexp="^[0-9]{4}$" /><attribute name="supp_withholding_amount" has-public-name="true" type="Currency" /><attribute name="supp_suburb" has-public-name="true" type="Text" /><attribute name="supp_companyname" has-public-name="true" type="Text" /><attribute name="supp_stateterritory" has-public-name="true" type="Text" /><attribute name="purch_country" has-public-name="true" type="Text" /><attribute name="new_entity" has-public-name="true" type="Text" /><attribute name="purch_age" has-public-name="true" type="Number" /><attribute name="purch_stateterritory" has-public-name="true" type="Text" /><attribute name="purch_suburb" has-public-name="true" type="Text" /><attribute name="purch_companyname" has-public-name="true" type="Text" /><attribute name="2cbe5cef-4743-430a-a949-f2c8d74f6f57" has-public-name="false" type="Boolean" /><attribute name="purch_percentageownership" has-public-name="true" type="Number" display-unformatted="true" min-value="0" max-value="100" int-only="true" /><attribute name="purch_address" has-public-name="true" type="Text" /><attribute name="purch_TFN" has-public-name="true" type="Number" display-unformatted="true" /><attribute name="purch_ABN" has-public-name="true" type="Number" display-unformatted="true" /><attribute name="purch_DOB" has-public-name="true" type="Date" /><attribute name="purch_phone" has-public-name="true" type="Text" validate-regexp="^[0-9]{10}$" /><attribute name="purch_lastname" has-public-name="true" type="Text" /><attribute name="purch_firstname" has-public-name="true" type="Text" /><attribute name="5b8c7f80-bab0-467f-a391-843083ca5b5d" has-public-name="false" type="Text" /><attribute name="f7a80fd3-c4df-41e3-ab20-dfba294339f8" has-public-name="false" type="Boolean" /><attribute name="date_submission" has-public-name="true" type="Date" /><attribute name="4fe7624b-235d-45eb-bf01-59873c3e15bb" has-public-name="false" type="Boolean" invisible-if-false="true" /><attribute name="8d48edae-f460-4f29-9aa9-4b505a21b401" has-public-name="false" type="Boolean" invisible-if-false="true" /><attribute name="e514120b-74bd-4165-a9e3-5b7ddb1af896" has-public-name="false" type="Boolean" invisible-if-false="true" /><attribute name="b7d67cc4-0bd4-460f-b797-a589f6d0cf9f" has-public-name="false" type="Boolean" /><attribute name="a8c1bfbf-314b-4ae2-b406-24cf9df35ba7" has-public-name="false" type="Boolean" /><attribute name="ac7c5d90-ffac-4404-98f9-4ab719de6ba5" has-public-name="false" type="Boolean" /><attribute name="e8839024-c624-48ba-aaae-490f15784961" has-public-name="false" type="Boolean" /><attribute name="b5d60d2e-5ab1-4fae-82d7-647983249129" has-public-name="false" type="Boolean" /><attribute name="e93da0a1-d784-40c0-acd6-48d31f8a5dd8" has-public-name="false" type="Boolean" /><attribute name="d1daa143-32b8-4bc9-ac16-3fa668ec60c6" has-public-name="false" type="Boolean" /><attribute name="8daeb65e-74e8-4796-9de6-8f33623838a2" has-public-name="false" type="Boolean" /><attribute name="501d206a-47a1-4599-a23a-db53fd4eb29c" has-public-name="false" type="Boolean" /><attribute name="9a1f5a4d-6014-4e87-ab2d-e3150108f882" has-public-name="false" type="Boolean" /><attribute name="8966782b-6acc-4088-a2ea-2ff45216d2ab" has-public-name="false" type="Boolean" /><attribute name="5bdbb0f2-9ae8-4966-841e-24be75ae5e2b" has-public-name="false" type="Boolean" /><attribute name="95cab034-4430-490c-99c8-0ac97154a7ab" has-public-name="false" type="Boolean" /><attribute name="892dc0ec-a981-4dcf-8fec-8ef2de8fd397" has-public-name="false" type="Boolean" /><attribute name="dd974e42-568a-40fb-b6e8-f21d107010a3" has-public-name="false" type="Boolean" /><attribute name="b0999a25-3f22-4f40-ad02-7f024f3b2625" has-public-name="false" type="Boolean" /><attribute name="ebc31d92-0b24-4e0e-a2e0-72c857f44d57" has-public-name="false" type="Boolean" /><attribute name="77ff7e4e-3105-4fed-b79a-b5165eb8cb1b" has-public-name="false" type="Boolean" /><attribute name="065f5ef9-e88e-407c-8289-1cc173fa9b50" has-public-name="false" type="Boolean" /><attribute name="e5d396bf-e80a-46a9-9faf-4783797ab596" has-public-name="false" type="Boolean" /><attribute name="37756618-32c6-4ecc-a8cd-e3e616873dce" has-public-name="false" type="Boolean" /><attribute name="21c51cf4-7d43-49ab-909a-3213cb9c8a4c" has-public-name="false" type="Boolean" /><attribute name="602f441b-a1ad-4833-9af2-2116f5b89468" has-public-name="false" type="Boolean" /><attribute name="e7879e55-b1a3-423a-8926-0206f4a491af" has-public-name="false" type="Boolean" /><attribute name="c189777c-79ee-4c35-8142-df6dc1b23de7" has-public-name="false" type="Boolean" /><attribute name="f0e5865e-d46c-4ebf-8986-ec114b952341" has-public-name="false" type="Boolean" /><attribute name="77978f8e-37bb-4451-ac30-6fdb55b8e627" has-public-name="false" type="Boolean" /><attribute name="69d3ef0f-1983-493c-8f91-93fa915f082a" has-public-name="false" type="Boolean" /><attribute name="da3ca6c1-e100-47f4-a1f4-88e195f7878b" has-public-name="false" type="Boolean" /><attribute name="cb402d1e-19f8-4df8-8778-ff02d0944920" has-public-name="false" type="Boolean" /><attribute name="ca950c16-e761-4ad3-b02c-f0d93e2bb7a1" has-public-name="false" type="Boolean" /><attribute name="9024c1fc-f976-4989-aed5-2a21fd339d83" has-public-name="false" type="Boolean" /><attribute name="157992b4-0f86-4dfc-a199-b3ac3592f4f7" has-public-name="false" type="Boolean" /><attribute name="d0df2193-b96f-4b6e-9c8c-3dcfe363de40" has-public-name="false" type="Boolean" /><attribute name="87e042d7-987f-4586-bd17-ef64c39fc16d" has-public-name="false" type="Boolean" /><attribute name="c2bc86ec-5a3c-4b1b-8744-04e57e90d3dc" has-public-name="false" type="Boolean" /><attribute name="1ef36bbd-181d-4983-b318-d0f8d0ea478b" has-public-name="false" type="Boolean" /><attribute name="ebc9a9f2-459a-4cec-9319-1153d082fa27" has-public-name="false" type="Boolean" /><attribute name="c98b36ce-6d82-43f6-8258-922cbf8b504f" has-public-name="false" type="Boolean" /><attribute name="5ac1d772-52a8-41da-b209-d01494420585" has-public-name="false" type="Boolean" /><attribute name="8bd16604-4c9e-4cc9-b1d9-6f0d80bbcdd9" has-public-name="false" type="Boolean" /><attribute name="04617301-2815-4660-ba57-6be7c69b14f4" has-public-name="false" type="Boolean" /><attribute name="f4e1fcf7-6994-4ccd-a1d0-6223fd74c39c" has-public-name="false" type="Boolean" /><attribute name="e0d67d73-e359-4581-99cd-c6cab3ff40cc" has-public-name="false" type="Boolean" /><attribute name="3c5444c2-bd86-45b8-8685-e24d20867ff1" has-public-name="false" type="Boolean" /><attribute name="03fc8b9c-a2e8-4918-8a58-4ed274e24f5c" has-public-name="false" type="Boolean" /><attribute name="c5bc1350-a6d8-4ad0-8597-d00cd15f8589" has-public-name="false" type="Boolean" /><attribute name="4ddccb03-3788-4692-8741-2ccd15ee6ad1" has-public-name="false" type="Boolean" /><attribute name="90e8fa28-5395-46c7-918d-93966a4728de" has-public-name="false" type="Boolean" /><attribute name="2d298efb-7514-460b-824e-7c25b0554009" has-public-name="false" type="Boolean" /><attribute name="fa57934f-c390-47fb-9d40-cfd6c3010e6e" has-public-name="false" type="Boolean" /><attribute name="9f3e75a6-11d9-4555-974e-c998a246f6f7" has-public-name="false" type="Boolean" /><attribute name="b9c7adb1-409e-4e46-9cb2-9c15581e0f09" has-public-name="false" type="Boolean" /><attribute name="74d75db6-00ea-41d9-abb1-cca5f9f58c12" has-public-name="false" type="Boolean" /><attribute name="53df33f0-42b1-4db0-8618-e04ee7efaf42" has-public-name="false" type="Boolean" /><attribute name="fd89e090-60ed-4d62-8ffc-c36a11f697f6" has-public-name="false" type="Boolean" /><attribute name="985abdd2-cb60-4d97-bcab-79067576483f" has-public-name="false" type="Boolean" /><attribute name="a973a024-5d2d-46fe-9a0b-4f3b08076090" has-public-name="false" type="Boolean" /><attribute name="6a53770a-b91c-4d2d-bee1-1ed27dea6efd" has-public-name="false" type="Boolean" /><attribute name="150f4d32-7e52-4474-b4d0-7847a4cae2d7" has-public-name="false" type="Boolean" /><attribute name="890f1210-d4b1-4e9e-a789-e768fac611fa" has-public-name="false" type="Boolean" /><attribute name="3a550d6e-6a87-4540-b302-1ca6bb268833" has-public-name="false" type="Boolean" /><attribute name="d899bb09-3f93-4df2-9413-ceb2991999fe" has-public-name="false" type="Boolean" /><attribute name="20f4455d-1f59-4f58-825f-7cbdbc264b46" has-public-name="false" type="Boolean" /><attribute name="7fea1d07-d209-4f52-9540-673cbf09fbd1" has-public-name="false" type="Boolean" /><attribute name="3c460c81-5b36-4524-8436-3988dcec4596" has-public-name="false" type="Boolean" /><attribute name="b472a33f-0d4c-4b1f-ad8c-9a26bfdbb72d" has-public-name="false" type="Boolean" /><attribute name="073b5cea-4794-45ec-a0f9-9c9f5754360e" has-public-name="false" type="Boolean" /><attribute name="f76dc358-de01-4b1f-89a5-fe04819ceac8" has-public-name="false" type="Boolean" /><attribute name="033a6ff6-1922-4850-b9bf-07c3b3d28a1a" has-public-name="false" type="Boolean" /><attribute name="1a790f9c-b46f-4849-9040-b1c2eda00217" has-public-name="false" type="Boolean" /><attribute name="3d9a1585-dc13-4261-8247-a2f2558ed74a" has-public-name="false" type="Boolean" /><attribute name="2b7bdae8-4149-44ac-a208-a95a136b714f" has-public-name="false" type="Boolean" /><attribute name="fceb2cea-8f2c-4a22-978a-7f3722358e45" has-public-name="false" type="Boolean" /><attribute name="cd7d3376-f332-4466-a8ff-56812d4127c2" has-public-name="false" type="Boolean" /><attribute name="056ec235-ce34-4f08-b776-f6379a82a1f6" has-public-name="false" type="Boolean" /><attribute name="8b32a859-ad2e-4208-bec2-81e7b2146d8a" has-public-name="false" type="Boolean" /><attribute name="fbfb2ce6-028c-46c1-b4b3-2f1ef7c0c81c" has-public-name="false" type="Boolean" /><attribute name="1c65cb98-8df8-4cf5-acc7-1d654e12dce9" has-public-name="false" type="Boolean" /><attribute name="b4d8092a-d7b3-4965-aa67-c61fdd98ce42" has-public-name="false" type="Boolean" /><attribute name="4be94e68-e280-4747-8b3d-32769959268d" has-public-name="false" type="Boolean" /><attribute name="15835437-4b60-47ab-ba10-61e1f921bbec" has-public-name="false" type="Boolean" /><attribute name="0d21e3c8-903a-4345-912b-5dde762b33cf" has-public-name="false" type="Boolean" /><attribute name="3df310e4-f2bd-4a90-9f87-51b921d6783d" has-public-name="false" type="Boolean" /><attribute name="1880b27d-7545-4283-a203-c0ea3e81cdd2" has-public-name="false" type="Currency" /><attribute name="3a2e7383-53ae-4f0b-b92b-25a0f7b5a069" has-public-name="false" type="Boolean" /><attribute name="7f453898-3173-4fdf-bba6-55f8ee930e65" has-public-name="false" type="Boolean" /><attribute name="08ae77c6-8c05-4e81-b75e-4b8291ff4990" has-public-name="false" type="Boolean" /><attribute name="8182dc01-e312-42d9-b42b-22c5abfd1576" has-public-name="false" type="Boolean" /><attribute name="391952ae-179a-4cf4-816a-d7395adad47e" has-public-name="false" type="Boolean" /><attribute name="c67be9ac-00da-4006-8a25-52ebeca8a6af" has-public-name="false" type="Boolean" /><attribute name="25272529-0d54-4ac1-879b-74138c4b76b8" has-public-name="false" type="Boolean" /><attribute name="6856535e-ef24-4a84-ba6d-dd4da61596cc" has-public-name="false" type="Boolean" /><attribute name="59faaa15-0a5a-4ce7-ba6c-fb43fa791a8b" has-public-name="false" type="Boolean" /><attribute name="aeceafd3-9988-4745-bbc8-d410a05acb00" has-public-name="false" type="Boolean" /><attribute name="ae143c45-b635-49fb-b72b-f8e2c710ba5b" has-public-name="false" type="Boolean" /><attribute name="61039a5b-ad62-4bae-8ced-8f12319af7ca" has-public-name="false" type="Boolean" /><attribute name="d4333fac-f366-41a4-b6e2-349ce979543f" has-public-name="false" type="Boolean" /><attribute name="f81190db-0349-4a4c-81f4-9322123257ed" has-public-name="false" type="Boolean" /><attribute name="afeec055-2710-4390-a5ee-dc9c3bf52e19" has-public-name="false" type="Boolean" /><attribute name="7a1428c6-c16e-4210-ba13-2f18bafe9478" has-public-name="false" type="Boolean" /><attribute name="dbda3fa5-cb27-4107-a159-ed2bc4f3737f" has-public-name="false" type="Boolean" /><attribute name="e61ee430-9bba-46b4-a737-2cdbb88ca0e5" has-public-name="false" type="Boolean" /><attribute name="00f05200-9d41-49e7-98f9-6f950e5ae15a" has-public-name="false" type="Boolean" /><attribute name="3c957977-a385-4f9e-9958-640f03e36983" has-public-name="false" type="Boolean" /><attribute name="a0912888-99b7-48dd-958d-f5fb965a7d02" has-public-name="false" type="Boolean" /><attribute name="2482e4bf-b6e0-4bc1-a744-caf14caf41d9" has-public-name="false" type="Boolean" /><attribute name="2f148325-5113-42ff-8f86-4172d42728cc" has-public-name="false" type="Boolean" /><attribute name="fb7ae466-7570-4bad-b6c8-d3a842c82422" has-public-name="false" type="Text"><enumeration-list ref-id="acb2fd64-1f46-4bbe-aceb-b772b52cb758" /></attribute><attribute name="f257ba08-7b0a-4b39-969e-16a2d373758f" has-public-name="false" type="Boolean" /><attribute name="54f37d12-4509-4e9a-b0bf-a9c6e4450d7a" has-public-name="false" type="Boolean" /><attribute name="1ce4e09c-ebef-4b5f-a961-4266240c3205" has-public-name="false" type="Boolean" /><attribute name="09b1ccc1-cba2-47c1-99c1-7f05c8afea8f" has-public-name="false" type="Boolean" /><attribute name="fdce7b21-8ad7-436a-9bc3-49c1a0247384" has-public-name="false" type="Boolean" /><attribute name="8d866005-4c57-4ab3-a689-dccda02b6a37" has-public-name="false" type="Boolean" /><attribute name="da981830-109c-4d02-b27d-b89284798576" has-public-name="false" type="Text" /><attribute name="5b341976-1a21-4481-b973-b9bb9d692a3c" has-public-name="false" type="Text" /><attribute name="61653754-7286-4cad-b618-43f54f00cfbd" has-public-name="false" type="Text" /><attribute name="d665ee78-ece9-4b95-aa4f-2ab75218a651" has-public-name="false" type="Text" /><attribute name="f783059c-e78d-4324-bb27-1844d6123e12" has-public-name="false" type="Boolean" /><attribute name="02037b16-6a95-43f5-bf8a-1a6e3b06d0fa" has-public-name="false" type="Boolean" /><attribute name="51042e7b-13d7-4575-90d6-ccb8cb4b62fb" has-public-name="false" type="Boolean" /><attribute name="28b03172-efc4-4499-a5a9-38d4f1d9ace5" has-public-name="false" type="Boolean" /><attribute name="46c166e3-671c-421a-adb9-56dc6e2a889e" has-public-name="false" type="Boolean" /><attribute name="2b067e11-02db-4e2d-a98b-e3f58cd1493b" has-public-name="false" type="Boolean" /><attribute name="773fc2c7-e400-4a94-9012-f7b63a31580f" has-public-name="false" type="Boolean" /><attribute name="89b4f723-895d-4609-a029-b5dd459da511" has-public-name="false" type="Boolean" /><attribute name="edc967bd-7223-4bd9-a5df-3cd28e07f727" has-public-name="false" type="Text" /><attribute name="d24c29da-c4e6-4ec2-8065-a4c8e90957a9" has-public-name="false" type="Text" /></entity><rules module="GST_AT_SETTLEMENT:37D02EFA03606D2AED10A4CB87637BBF"><conclude attr-id="eba118f1-7d43-4ceb-a413-95a80f5eebc7" entity-id="global" scope-id="global0" tags="[Taxation Administration Act 1953 (Cth) 14-250]"><value><true-value /></value><condition><and><or><equals tags="[(1)(a)]"><attribute attr-id="44ab2e77-072e-4230-9c3c-b668565a9b17" /><string-value>Yes</string-value></equals><attribute attr-id="4d522049-8b09-42b3-a258-0ada663d5dac" tags="[(1)(a)]" /></or><or><equals tags="[(2)]"><attribute attr-id="6948a391-a050-4073-8e1e-cbe3e96c7511" /><string-value>Yes</string-value></equals><attribute attr-id="4fe7624b-235d-45eb-bf01-59873c3e15bb" tags="[(2)]" /></or><or><equals tags="[(2)(a)]"><attribute attr-id="c81738d2-5310-4793-82dd-e7dcebb638f4" /><string-value>Yes</string-value></equals><attribute attr-id="8d48edae-f460-4f29-9aa9-4b505a21b401" tags="[(2)(a)]" /><attribute attr-id="e514120b-74bd-4165-a9e3-5b7ddb1af896" tags="[(2)(b)]" /></or><or><equals tags="[Law Companion Ruling LCR 2018/04 para 11(a)]"><attribute attr-id="e25f1b49-5eda-401c-89d2-1939ed6b6030" /><string-value>No</string-value></equals><not><attribute attr-id="b7d67cc4-0bd4-460f-b797-a589f6d0cf9f" /></not></or></and></condition><otherwise><false-value /></otherwise></conclude><conclude attr-id="4d522049-8b09-42b3-a258-0ada663d5dac" entity-id="global" scope-id="global0" tags="[A New Tax System (Goods and Services Tax) Act 1999]"><value><true-value /></value><condition><and><equals><attribute attr-id="44ab2e77-072e-4230-9c3c-b668565a9b17" /><string-value>More Info</string-value></equals><attribute attr-id="c8c2866f-8d6b-4e10-9a3b-7d9cc37b36ac" tags="[s 184-1(1)]" /><attribute attr-id="a8c1bfbf-314b-4ae2-b406-24cf9df35ba7" tags="[s 9-5,195-1]" /><attribute attr-id="ac7c5d90-ffac-4404-98f9-4ab719de6ba5" tags="[s 9-20, 195-1]" /><attribute attr-id="e8839024-c624-48ba-aaae-490f15784961" tags="[s 9-25(4), 195-1; Taxation Ruling GSTD 2004/3 para 2]" /><attribute attr-id="b5d60d2e-5ab1-4fae-82d7-647983249129" tags="[s 57-20, 195-1, 144-5]" /><and><not tags="[Subdivision 40; Law Companion Ruling LCR 2018/4 para 15, 18]"><attribute attr-id="e93da0a1-d784-40c0-acd6-48d31f8a5dd8" /></not><not tags="[Subdivision 38]"><attribute attr-id="d1daa143-32b8-4bc9-ac16-3fa668ec60c6" /></not></and></and></condition><otherwise><false-value /></otherwise></conclude><conclude attr-id="4fe7624b-235d-45eb-bf01-59873c3e15bb" entity-id="global" scope-id="global0" tags="[A New Tax System (Goods and Services Tax) Act 1999]"><value><true-value /></value><condition><and><equals><attribute attr-id="6948a391-a050-4073-8e1e-cbe3e96c7511" /><string-value>More Info</string-value></equals><attribute attr-id="8daeb65e-74e8-4796-9de6-8f33623838a2" tags="[9-10]" /><or><attribute attr-id="501d206a-47a1-4599-a23a-db53fd4eb29c" tags="[Goods and Services Tax Ruling GSTR 2003/03 para 18]" /><attribute attr-id="9a1f5a4d-6014-4e87-ab2d-e3150108f882" tags="[s 195-1 definitions ‘long-term lease’]" /></or></and></condition><otherwise><false-value /></otherwise></conclude><conclude attr-id="8d48edae-f460-4f29-9aa9-4b505a21b401" entity-id="global" scope-id="global0" tags="[A New Tax System (Goods and Services Tax) Act]"><value><true-value /></value><condition><and><equals><attribute attr-id="c81738d2-5310-4793-82dd-e7dcebb638f4" /><string-value>More Info</string-value></equals><attribute attr-id="8966782b-6acc-4088-a2ea-2ff45216d2ab" tags="[s 40-75]" /><and><not tags="[s 40-65(2)]"><attribute attr-id="5bdbb0f2-9ae8-4966-841e-24be75ae5e2b" /></not><not tags="[s 40-65(2)]"><attribute attr-id="95cab034-4430-490c-99c8-0ac97154a7ab" /></not></and></and></condition><otherwise><false-value /></otherwise></conclude><conclude attr-id="8966782b-6acc-4088-a2ea-2ff45216d2ab" entity-id="global" scope-id="global0" tags="[A New Tax System (Goods and Services Tax) Act]"><value><true-value /></value><condition><or><attribute attr-id="892dc0ec-a981-4dcf-8fec-8ef2de8fd397" tags="[s 40-75(1)(a)]" /><attribute attr-id="dd974e42-568a-40fb-b6e8-f21d107010a3" tags="[s 40-75(1(c)]" /></or></condition><otherwise><false-value /></otherwise></conclude><conclude attr-id="e514120b-74bd-4165-a9e3-5b7ddb1af896" entity-id="global" scope-id="global0" tags="[A New Tax System (Goods and Services Tax) Act]"><value><true-value /></value><condition><and><equals><attribute attr-id="c81738d2-5310-4793-82dd-e7dcebb638f4" /><string-value>More Info</string-value></equals><attribute attr-id="b0999a25-3f22-4f40-ad02-7f024f3b2625" tags="[s 195-1]" /><attribute attr-id="ebc31d92-0b24-4e0e-a2e0-72c857f44d57" tags="[s 14-450(2)(b)(i) s 195-1]" /><not tags="[s 14-450(2)(b)(iI)]"><attribute attr-id="77ff7e4e-3105-4fed-b79a-b5165eb8cb1b" /></not><or><not tags="[Law Companion Ruling LCR 2018/04 para 19]"><attribute attr-id="686acc96-07e2-40bc-a173-02f5cfed8024" /></not><attribute attr-id="5be68709-95fc-4218-962c-1cb7a8909d72" tags="[Law Companion Ruling LCR 2018/04 para 19]" /></or></and></condition><otherwise><false-value /></otherwise></conclude><conclude attr-id="b7d67cc4-0bd4-460f-b797-a589f6d0cf9f" entity-id="global" scope-id="global0" tags="[Law Companion Ruling LCR 2018/04]"><value><true-value /></value><condition><or><equals><attribute attr-id="e25f1b49-5eda-401c-89d2-1939ed6b6030" /><string-value>Yes</string-value></equals><and><equals><attribute attr-id="e25f1b49-5eda-401c-89d2-1939ed6b6030" /><string-value>More Info</string-value></equals><attribute attr-id="da3554c5-839a-4b60-94aa-b004f7a4ead6" tags="[para 11(a)]" /><attribute attr-id="065f5ef9-e88e-407c-8289-1cc173fa9b50" tags="[para 11(b)]" /></and></or></condition><otherwise><false-value /></otherwise></conclude><conclude attr-id="e5d396bf-e80a-46a9-9faf-4783797ab596" entity-id="global" scope-id="global0"><value><true-value /></value><condition><uncertain><attribute attr-id="c8c2866f-8d6b-4e10-9a3b-7d9cc37b36ac" /></uncertain></condition><otherwise><false-value /></otherwise></conclude><conclude attr-id="37756618-32c6-4ecc-a8cd-e3e616873dce" entity-id="global" scope-id="global0"><value><true-value /></value><condition><uncertain><attribute attr-id="a8c1bfbf-314b-4ae2-b406-24cf9df35ba7" /></uncertain></condition><otherwise><false-value /></otherwise></conclude><conclude attr-id="21c51cf4-7d43-49ab-909a-3213cb9c8a4c" entity-id="global" scope-id="global0"><value><true-value /></value><condition><uncertain><attribute attr-id="ac7c5d90-ffac-4404-98f9-4ab719de6ba5" /></uncertain></condition><otherwise><false-value /></otherwise></conclude><conclude attr-id="602f441b-a1ad-4833-9af2-2116f5b89468" entity-id="global" scope-id="global0"><value><true-value /></value><condition><uncertain><attribute attr-id="e8839024-c624-48ba-aaae-490f15784961" /></uncertain></condition><otherwise><false-value /></otherwise></conclude><conclude attr-id="e7879e55-b1a3-423a-8926-0206f4a491af" entity-id="global" scope-id="global0"><value><true-value /></value><condition><uncertain><attribute attr-id="b5d60d2e-5ab1-4fae-82d7-647983249129" /></uncertain></condition><otherwise><false-value /></otherwise></conclude><conclude attr-id="c189777c-79ee-4c35-8142-df6dc1b23de7" entity-id="global" scope-id="global0"><value><true-value /></value><condition><uncertain><attribute attr-id="d1daa143-32b8-4bc9-ac16-3fa668ec60c6" /></uncertain></condition><otherwise><false-value /></otherwise></conclude><conclude attr-id="f0e5865e-d46c-4ebf-8986-ec114b952341" entity-id="global" scope-id="global0"><value><true-value /></value><condition><uncertain><attribute attr-id="e93da0a1-d784-40c0-acd6-48d31f8a5dd8" /></uncertain></condition><otherwise><false-value /></otherwise></conclude><conclude attr-id="77978f8e-37bb-4451-ac30-6fdb55b8e627" entity-id="global" scope-id="global0"><value><true-value /></value><condition><uncertain><attribute attr-id="8daeb65e-74e8-4796-9de6-8f33623838a2" /></uncertain></condition><otherwise><false-value /></otherwise></conclude><conclude attr-id="69d3ef0f-1983-493c-8f91-93fa915f082a" entity-id="global" scope-id="global0"><value><true-value /></value><condition><uncertain><attribute attr-id="501d206a-47a1-4599-a23a-db53fd4eb29c" /></uncertain></condition><otherwise><false-value /></otherwise></conclude><conclude attr-id="da3ca6c1-e100-47f4-a1f4-88e195f7878b" entity-id="global" scope-id="global0"><value><true-value /></value><condition><uncertain><attribute attr-id="9a1f5a4d-6014-4e87-ab2d-e3150108f882" /></uncertain></condition><otherwise><false-value /></otherwise></conclude><conclude attr-id="cb402d1e-19f8-4df8-8778-ff02d0944920" entity-id="global" scope-id="global0"><value><true-value /></value><condition><and><not><attribute attr-id="8d48edae-f460-4f29-9aa9-4b505a21b401" /></not><equals><attribute attr-id="c81738d2-5310-4793-82dd-e7dcebb638f4" /><string-value>More Info</string-value></equals></and></condition><otherwise><false-value /></otherwise></conclude><conclude attr-id="ca950c16-e761-4ad3-b02c-f0d93e2bb7a1" entity-id="global" scope-id="global0"><value><true-value /></value><condition><uncertain><attribute attr-id="892dc0ec-a981-4dcf-8fec-8ef2de8fd397" /></uncertain></condition><otherwise><false-value /></otherwise></conclude><conclude attr-id="9024c1fc-f976-4989-aed5-2a21fd339d83" entity-id="global" scope-id="global0"><value><true-value /></value><condition><uncertain><attribute attr-id="dd974e42-568a-40fb-b6e8-f21d107010a3" /></uncertain></condition><otherwise><false-value /></otherwise></conclude><conclude attr-id="157992b4-0f86-4dfc-a199-b3ac3592f4f7" entity-id="global" scope-id="global0"><value><true-value /></value><condition><uncertain><attribute attr-id="5bdbb0f2-9ae8-4966-841e-24be75ae5e2b" /></uncertain></condition><otherwise><false-value /></otherwise></conclude><conclude attr-id="d0df2193-b96f-4b6e-9c8c-3dcfe363de40" entity-id="global" scope-id="global0"><value><true-value /></value><condition><uncertain><attribute attr-id="95cab034-4430-490c-99c8-0ac97154a7ab" /></uncertain></condition><otherwise><false-value /></otherwise></conclude><conclude attr-id="87e042d7-987f-4586-bd17-ef64c39fc16d" entity-id="global" scope-id="global0"><value><true-value /></value><condition><uncertain><attribute attr-id="b0999a25-3f22-4f40-ad02-7f024f3b2625" /></uncertain></condition><otherwise><false-value /></otherwise></conclude><conclude attr-id="c2bc86ec-5a3c-4b1b-8744-04e57e90d3dc" entity-id="global" scope-id="global0"><value><true-value /></value><condition><uncertain><attribute attr-id="ebc31d92-0b24-4e0e-a2e0-72c857f44d57" /></uncertain></condition><otherwise><false-value /></otherwise></conclude><conclude attr-id="1ef36bbd-181d-4983-b318-d0f8d0ea478b" entity-id="global" scope-id="global0"><value><true-value /></value><condition><uncertain><attribute attr-id="77ff7e4e-3105-4fed-b79a-b5165eb8cb1b" /></uncertain></condition><otherwise><false-value /></otherwise></conclude><conclude attr-id="ebc9a9f2-459a-4cec-9319-1153d082fa27" entity-id="global" scope-id="global0"><value><true-value /></value><condition><uncertain><attribute attr-id="686acc96-07e2-40bc-a173-02f5cfed8024" /></uncertain></condition><otherwise><false-value /></otherwise></conclude><conclude attr-id="c98b36ce-6d82-43f6-8258-922cbf8b504f" entity-id="global" scope-id="global0"><value><true-value /></value><condition><uncertain><attribute attr-id="da3554c5-839a-4b60-94aa-b004f7a4ead6" /></uncertain></condition><otherwise><false-value /></otherwise></conclude><conclude attr-id="5ac1d772-52a8-41da-b209-d01494420585" entity-id="global" scope-id="global0"><value><true-value /></value><condition><and><attribute attr-id="8bd16604-4c9e-4cc9-b1d9-6f0d80bbcdd9" /><attribute attr-id="04617301-2815-4660-ba57-6be7c69b14f4" /><attribute attr-id="f4e1fcf7-6994-4ccd-a1d0-6223fd74c39c" /><attribute attr-id="240bb55d-f50e-4a09-b51e-94a2c05d8031" /><attribute attr-id="e0d67d73-e359-4581-99cd-c6cab3ff40cc" /><attribute attr-id="3c5444c2-bd86-45b8-8685-e24d20867ff1" /></and></condition><otherwise><false-value /></otherwise></conclude><conclude attr-id="8bd16604-4c9e-4cc9-b1d9-6f0d80bbcdd9" entity-id="global" scope-id="global0"><value><true-value /></value><condition><and><known><attribute attr-id="app_status" /></known><known><attribute attr-id="app_title" /></known><known><attribute attr-id="app_firstname" /></known><known><attribute attr-id="app_lastname" /></known><known><attribute attr-id="app_phone" /></known><known><attribute attr-id="app_email" /></known></and></condition><otherwise><false-value /></otherwise></conclude><conclude attr-id="4895277f-f899-4700-8bbc-c2f4c8cc8ae9" entity-id="global" scope-id="global0"><value><true-value /></value><condition><equals><attribute attr-id="app_status" /><string-value>purchaser</string-value></equals></condition><otherwise><false-value /></otherwise></conclude><conclude attr-id="03fc8b9c-a2e8-4918-8a58-4ed274e24f5c" entity-id="global" scope-id="global0"><value><true-value /></value><condition><equals><attribute attr-id="app_status" /><string-value>representative</string-value></equals></condition><otherwise><false-value /></otherwise></conclude><conclude attr-id="98a4622f-7031-4c75-be9e-bc23f23b79c3" entity-id="global" scope-id="global0"><value><true-value /></value></conclude><conclude attr-id="04617301-2815-4660-ba57-6be7c69b14f4" entity-id="global" scope-id="global0"><value><true-value /></value><condition><and><known><attribute attr-id="prop_type" /></known><known><attribute attr-id="prop_address" /></known><known><attribute attr-id="prop_suburb" /></known><known><attribute attr-id="prop_stateterritory" /></known><known><attribute attr-id="prop_postcode" /></known><or><and><known><attribute attr-id="ACT_sectionblock" /></known><known><attribute attr-id="ACT_volume" /></known><known><attribute attr-id="ACT_folio" /></known></and><and><known><attribute attr-id="NSW_lot" /></known><known><attribute attr-id="NSW_sectionblock" /></known><known><attribute attr-id="NSW_plan" /></known><known><attribute attr-id="NSW_plantype" /></known></and><and><known><attribute attr-id="NT_lot" /></known><known><attribute attr-id="NT_sectionblock" /></known><known><attribute attr-id="NT_plan" /></known><known><attribute attr-id="NT_plantype" /></known><known><attribute attr-id="NT_folio" /></known></and><and><known><attribute attr-id="VIC_lot" /></known><known><attribute attr-id="VIC_plan" /></known><known><attribute attr-id="VIC_plantype" /></known></and><and><known><attribute attr-id="SA_lot" /></known><known><attribute attr-id="SA_plan" /></known><known><attribute attr-id="SA_plantype" /></known></and><and><known><attribute attr-id="QLD_lot" /></known><known><attribute attr-id="QLD_plan" /></known><known><attribute attr-id="QLD_plantype" /></known></and><and><known><attribute attr-id="TAS_volume" /></known><known><attribute attr-id="TAS_folio" /></known></and><and><known><attribute attr-id="WA_lot" /></known><known><attribute attr-id="WA_plan" /></known><known><attribute attr-id="WA_plantype" /></known><known><attribute attr-id="WA_volume" /></known><known><attribute attr-id="WA_folio" /></known></and></or></and></condition><otherwise><false-value /></otherwise></conclude><conclude attr-id="c5bc1350-a6d8-4ad0-8597-d00cd15f8589" entity-id="global" scope-id="global0"><value><true-value /></value><condition><equals><attribute attr-id="prop_type" /><string-value>HOUSE</string-value></equals></condition><otherwise><false-value /></otherwise></conclude><conclude attr-id="4ddccb03-3788-4692-8741-2ccd15ee6ad1" entity-id="global" scope-id="global0"><value><true-value /></value><condition><equals><attribute attr-id="prop_type" /><string-value>LAND</string-value></equals></condition><otherwise><false-value /></otherwise></conclude><conclude attr-id="90e8fa28-5395-46c7-918d-93966a4728de" entity-id="global" scope-id="global0"><value><true-value /></value><condition><equals><attribute attr-id="prop_type" /><string-value>UNIT</string-value></equals></condition><otherwise><false-value /></otherwise></conclude><conclude attr-id="2d298efb-7514-460b-824e-7c25b0554009" entity-id="global" scope-id="global0"><value><true-value /></value><condition><equals><attribute attr-id="prop_stateterritory" /><string-value>Australian Capital Territory</string-value></equals></condition><otherwise><false-value /></otherwise></conclude><conclude attr-id="fa57934f-c390-47fb-9d40-cfd6c3010e6e" entity-id="global" scope-id="global0"><value><true-value /></value><condition><equals><attribute attr-id="prop_stateterritory" /><string-value>New South Wales</string-value></equals></condition><otherwise><false-value /></otherwise></conclude><conclude attr-id="9f3e75a6-11d9-4555-974e-c998a246f6f7" entity-id="global" scope-id="global0"><value><true-value /></value><condition><equals><attribute attr-id="prop_stateterritory" /><string-value>Northern Territory</string-value></equals></condition><otherwise><false-value /></otherwise></conclude><conclude attr-id="b9c7adb1-409e-4e46-9cb2-9c15581e0f09" entity-id="global" scope-id="global0"><value><true-value /></value><condition><equals><attribute attr-id="prop_stateterritory" /><string-value>Queensland</string-value></equals></condition><otherwise><false-value /></otherwise></conclude><conclude attr-id="74d75db6-00ea-41d9-abb1-cca5f9f58c12" entity-id="global" scope-id="global0"><value><true-value /></value><condition><equals><attribute attr-id="prop_stateterritory" /><string-value>South Australia</string-value></equals></condition><otherwise><false-value /></otherwise></conclude><conclude attr-id="53df33f0-42b1-4db0-8618-e04ee7efaf42" entity-id="global" scope-id="global0"><value><true-value /></value><condition><equals><attribute attr-id="prop_stateterritory" /><string-value>Tasmania</string-value></equals></condition><otherwise><false-value /></otherwise></conclude><conclude attr-id="fd89e090-60ed-4d62-8ffc-c36a11f697f6" entity-id="global" scope-id="global0"><value><true-value /></value><condition><equals><attribute attr-id="prop_stateterritory" /><string-value>Victoria</string-value></equals></condition><otherwise><false-value /></otherwise></conclude><conclude attr-id="985abdd2-cb60-4d97-bcab-79067576483f" entity-id="global" scope-id="global0"><value><true-value /></value><condition><equals><attribute attr-id="prop_stateterritory" /><string-value>Western Australia</string-value></equals></condition><otherwise><false-value /></otherwise></conclude><conclude attr-id="f4e1fcf7-6994-4ccd-a1d0-6223fd74c39c" entity-id="global" scope-id="global0"><value><true-value /></value><condition><and><known><attribute attr-id="contract_date" /></known><known><attribute attr-id="contract_price" /></known><known><attribute attr-id="expected_settlement_date" /></known></and></condition><otherwise><false-value /></otherwise></conclude><conclude attr-id="a973a024-5d2d-46fe-9a0b-4f3b08076090" entity-id="global" scope-id="global0"><value><true-value /></value><condition><known><attribute attr-id="contract_price" /></known></condition><otherwise><false-value /></otherwise></conclude><conclude attr-id="240bb55d-f50e-4a09-b51e-94a2c05d8031" entity-id="global" scope-id="global0"><value><true-value /></value><condition><and><known><attribute attr-id="2cbe5cef-4743-430a-a949-f2c8d74f6f57" /></known><known><attribute attr-id="purch_TFN" /></known><known><attribute attr-id="purch_phone" /></known><known><attribute attr-id="purch_country" /></known><known><attribute attr-id="purch_address" /></known><known><attribute attr-id="purch_suburb" /></known><known><attribute attr-id="purch_stateterritory" /></known><known><attribute attr-id="purch_percentageownership" /></known><or><and><known><attribute attr-id="purch_firstname" /></known><known><attribute attr-id="purch_lastname" /></known><known><attribute attr-id="purch_DOB" /></known></and><and><known><attribute attr-id="purch_companyname" /></known><known><attribute attr-id="purch_ABN" /></known></and></or></and></condition><otherwise><false-value /></otherwise></conclude><conclude attr-id="6a53770a-b91c-4d2d-bee1-1ed27dea6efd" entity-id="global" scope-id="global0"><value><true-value /></value><condition><equals><attribute attr-id="purch_stateterritory" /><string-value>Australian Capital Territory</string-value></equals></condition><otherwise><false-value /></otherwise></conclude><conclude attr-id="150f4d32-7e52-4474-b4d0-7847a4cae2d7" entity-id="global" scope-id="global0"><value><true-value /></value><condition><equals><attribute attr-id="purch_stateterritory" /><string-value>New South Wales</string-value></equals></condition><otherwise><false-value /></otherwise></conclude><conclude attr-id="890f1210-d4b1-4e9e-a789-e768fac611fa" entity-id="global" scope-id="global0"><value><true-value /></value><condition><equals><attribute attr-id="purch_stateterritory" /><string-value>Northern Territory</string-value></equals></condition><otherwise><false-value /></otherwise></conclude><conclude attr-id="3a550d6e-6a87-4540-b302-1ca6bb268833" entity-id="global" scope-id="global0"><value><true-value /></value><condition><equals><attribute attr-id="purch_stateterritory" /><string-value>Queensland</string-value></equals></condition><otherwise><false-value /></otherwise></conclude><conclude attr-id="d899bb09-3f93-4df2-9413-ceb2991999fe" entity-id="global" scope-id="global0"><value><true-value /></value><condition><equals><attribute attr-id="purch_stateterritory" /><string-value>South Australia</string-value></equals></condition><otherwise><false-value /></otherwise></conclude><conclude attr-id="20f4455d-1f59-4f58-825f-7cbdbc264b46" entity-id="global" scope-id="global0"><value><true-value /></value><condition><equals><attribute attr-id="purch_stateterritory" /><string-value>Tasmania</string-value></equals></condition><otherwise><false-value /></otherwise></conclude><conclude attr-id="7fea1d07-d209-4f52-9540-673cbf09fbd1" entity-id="global" scope-id="global0"><value><true-value /></value><condition><equals><attribute attr-id="purch_stateterritory" /><string-value>Victoria</string-value></equals></condition><otherwise><false-value /></otherwise></conclude><conclude attr-id="3c460c81-5b36-4524-8436-3988dcec4596" entity-id="global" scope-id="global0"><value><true-value /></value><condition><equals><attribute attr-id="purch_stateterritory" /><string-value>Western Australia</string-value></equals></condition><otherwise><false-value /></otherwise></conclude><conclude attr-id="e0d67d73-e359-4581-99cd-c6cab3ff40cc" entity-id="global" scope-id="global0"><value><true-value /></value><condition><and><known><attribute attr-id="3df310e4-f2bd-4a90-9f87-51b921d6783d" /></known><known><attribute attr-id="supp_phone" /></known><known><attribute attr-id="supp_country" /></known><known><attribute attr-id="supp_address" /></known><known><attribute attr-id="supp_suburb" /></known><known><attribute attr-id="supp_stateterritory" /></known><known><attribute attr-id="supp_postcode" /></known><known><attribute attr-id="supp_withholding_amount" /></known><or><and><known><attribute attr-id="supp_companyname" /></known><known><attribute attr-id="supp_ABN" /></known></and><and><known><attribute attr-id="supp_firstname" /></known><known><attribute attr-id="supp_lastname" /></known></and></or></and></condition><otherwise><false-value /></otherwise></conclude><conclude attr-id="b472a33f-0d4c-4b1f-ad8c-9a26bfdbb72d" entity-id="global" scope-id="global0"><value><true-value /></value><condition><equals><attribute attr-id="supp_stateterritory" /><string-value>New South Wales</string-value></equals></condition><otherwise><false-value /></otherwise></conclude><conclude attr-id="073b5cea-4794-45ec-a0f9-9c9f5754360e" entity-id="global" scope-id="global0"><value><true-value /></value><condition><equals><attribute attr-id="supp_stateterritory" /><string-value>Australian Capital Territory</string-value></equals></condition><otherwise><false-value /></otherwise></conclude><conclude attr-id="f76dc358-de01-4b1f-89a5-fe04819ceac8" entity-id="global" scope-id="global0"><value><true-value /></value><condition><equals><attribute attr-id="supp_stateterritory" /><string-value>Queensland</string-value></equals></condition><otherwise><false-value /></otherwise></conclude><conclude attr-id="033a6ff6-1922-4850-b9bf-07c3b3d28a1a" entity-id="global" scope-id="global0"><value><true-value /></value><condition><equals><attribute attr-id="supp_stateterritory" /><string-value>Northern Territory</string-value></equals></condition><otherwise><false-value /></otherwise></conclude><conclude attr-id="1a790f9c-b46f-4849-9040-b1c2eda00217" entity-id="global" scope-id="global0"><value><true-value /></value><condition><equals><attribute attr-id="supp_stateterritory" /><string-value>Tasmania</string-value></equals></condition><otherwise><false-value /></otherwise></conclude><conclude attr-id="3d9a1585-dc13-4261-8247-a2f2558ed74a" entity-id="global" scope-id="global0"><value><true-value /></value><condition><equals><attribute attr-id="supp_stateterritory" /><string-value>Western Australia</string-value></equals></condition><otherwise><false-value /></otherwise></conclude><conclude attr-id="2b7bdae8-4149-44ac-a208-a95a136b714f" entity-id="global" scope-id="global0"><value><true-value /></value><condition><equals><attribute attr-id="supp_stateterritory" /><string-value>South Australia</string-value></equals></condition><otherwise><false-value /></otherwise></conclude><conclude attr-id="fceb2cea-8f2c-4a22-978a-7f3722358e45" entity-id="global" scope-id="global0"><value><true-value /></value><condition><equals><attribute attr-id="supp_stateterritory" /><string-value>Victoria</string-value></equals></condition><otherwise><false-value /></otherwise></conclude><conclude attr-id="1880b27d-7545-4283-a203-c0ea3e81cdd2" entity-id="global" scope-id="global0"><value><multiply><attribute attr-id="contract_price" /><number-value>0.1</number-value></multiply></value></conclude><conclude attr-id="date_submission" entity-id="global" scope-id="global0"><value><current-date /></value></conclude><event action="error(&quot;The Settlement Date cannot be before the Contract Date&quot;)" entity-id="global" scope-id="global0"><condition><or><greater-than><attribute attr-id="contract_date" /><attribute attr-id="expected_settlement_date" /></greater-than><temporal-on-or-after><date-value>2018-07-01</date-value></temporal-on-or-after></or></condition></event><conclude attr-id="purch_age" entity-id="global" scope-id="global0"><value><temporal-years-since><attribute attr-id="purch_DOB" /><current-date /></temporal-years-since></value></conclude><conclude attr-id="cd7d3376-f332-4466-a8ff-56812d4127c2" entity-id="global" scope-id="global0"><value><true-value /></value><condition><and><temporal-before><current-date /></temporal-before><greater-than-equals><attribute attr-id="purch_age" /><number-value>18</number-value></greater-than-equals><less-than-equals><attribute attr-id="purch_age" /><number-value>120</number-value></less-than-equals></and></condition><otherwise><false-value /></otherwise></conclude><event action="error(&quot;The purchaser cannot be under 18 years of age&quot;)" entity-id="global" scope-id="global0"><condition><not><attribute attr-id="cd7d3376-f332-4466-a8ff-56812d4127c2" /></not></condition></event><conclude attr-id="056ec235-ce34-4f08-b776-f6379a82a1f6" entity-id="global" scope-id="global0" tags="[FORM 2]"><value><true-value /></value><condition><and><attribute attr-id="8b32a859-ad2e-4208-bec2-81e7b2146d8a" /><attribute attr-id="fbfb2ce6-028c-46c1-b4b3-2f1ef7c0c81c" /></and></condition><otherwise><false-value /></otherwise></conclude><conclude attr-id="1c65cb98-8df8-4cf5-acc7-1d654e12dce9" entity-id="global" scope-id="global0" tags="[FORM 2]"><value><true-value /></value><condition><and><attribute attr-id="8b32a859-ad2e-4208-bec2-81e7b2146d8a" /><attribute attr-id="fbfb2ce6-028c-46c1-b4b3-2f1ef7c0c81c" /></and></condition><otherwise><false-value /></otherwise></conclude><conclude attr-id="b4d8092a-d7b3-4965-aa67-c61fdd98ce42" entity-id="global" scope-id="global0" tags="[FORM 1]"><value><true-value /></value><condition><and><attribute attr-id="8b32a859-ad2e-4208-bec2-81e7b2146d8a" /><not><attribute attr-id="fbfb2ce6-028c-46c1-b4b3-2f1ef7c0c81c" /></not></and></condition><otherwise><false-value /></otherwise></conclude><conclude attr-id="8b32a859-ad2e-4208-bec2-81e7b2146d8a" entity-id="global" scope-id="global0" tags="[FORM 1]"><value><false-value /></value><condition><and><not><attribute attr-id="4be94e68-e280-4747-8b3d-32769959268d" /></not><or><attribute attr-id="fbfb2ce6-028c-46c1-b4b3-2f1ef7c0c81c" /><not><attribute attr-id="fbfb2ce6-028c-46c1-b4b3-2f1ef7c0c81c" /></not></or></and></condition><otherwise><true-value /></otherwise></conclude><conclude attr-id="15835437-4b60-47ab-ba10-61e1f921bbec" entity-id="global" scope-id="global0" tags="[Form 1]"><value><true-value /></value><condition><or><not><attribute attr-id="8b32a859-ad2e-4208-bec2-81e7b2146d8a" /></not><attribute attr-id="b4d8092a-d7b3-4965-aa67-c61fdd98ce42" /></or></condition><otherwise><false-value /></otherwise></conclude><conclude attr-id="0d21e3c8-903a-4345-912b-5dde762b33cf" entity-id="global" scope-id="global0"><value><true-value /></value><condition><and><known><attribute attr-id="app_status" /></known><known><attribute attr-id="app_title" /></known><known><attribute attr-id="app_firstname" /></known><known><attribute attr-id="app_lastname" /></known><known><attribute attr-id="app_phone" /></known><known><attribute attr-id="app_lodgementreference" /></known><known><attribute attr-id="app_paymentreference" /></known><known><attribute attr-id="settlement_date" /></known><known><attribute attr-id="total_withholding_amount" /></known><attribute attr-id="app_declaration_form2" /></and></condition><otherwise><false-value /></otherwise></conclude><event action="error(&quot;The Settlement Date cannot be before the Contract Date&quot;)" entity-id="global" scope-id="global0"><condition><or><greater-than><attribute attr-id="contract_date" /><attribute attr-id="settlement_date" /></greater-than><temporal-on-or-after><date-value>2018-07-01</date-value></temporal-on-or-after></or></condition></event><table-conclude entity-id="global" scope-id="global0"><condition-col><rows><condition><attribute attr-id="3a2e7383-53ae-4f0b-b92b-25a0f7b5a069" tags="[s 6]" /></condition><condition><attribute attr-id="7f453898-3173-4fdf-bba6-55f8ee930e65" tags="[s 9]" /></condition><condition><attribute attr-id="08ae77c6-8c05-4e81-b75e-4b8291ff4990" tags="[Law Companion Ruling LCR 2018/04 para 44]" /></condition><condition><attribute attr-id="8182dc01-e312-42d9-b42b-22c5abfd1576" tags="[s 11]" /></condition><empty /></rows></condition-col><conclusion-col attr-id="total_withholding_amount" tags="[Taxation Administration Act 1953 (Cth) 14-250]"><value><multiply><attribute attr-id="contract_price" /><number-value>0.07</number-value></multiply></value><value><multiply><attribute attr-id="contract_price" /><number-value>0.1</number-value></multiply></value><value><divide><multiply><attribute attr-id="contract_price" /><number-value>0.091</number-value></multiply><attribute attr-id="purch_percentageownership" /></divide></value><value><divide><multiply><attribute attr-id="contract_price" /><number-value>0.091</number-value></multiply><attribute attr-id="purch_percentageownership" /></divide></value><value><multiply><attribute attr-id="contract_price" /><number-value>0.091</number-value></multiply></value></conclusion-col></table-conclude><conclude attr-id="3a2e7383-53ae-4f0b-b92b-25a0f7b5a069" entity-id="global" scope-id="global0"><value><true-value /></value><condition><and><equals><attribute attr-id="fb7ae466-7570-4bad-b6c8-d3a842c82422" /><string-value>Margin Scheme</string-value></equals><attribute attr-id="391952ae-179a-4cf4-816a-d7395adad47e" tags="[A New Tax System (Goods and Services Tax) Act 1999 s 75.5]" /></and></condition><otherwise><false-value /></otherwise></conclude><conclude attr-id="391952ae-179a-4cf4-816a-d7395adad47e" entity-id="global" scope-id="global0"><value><true-value /></value><condition><and><attribute attr-id="c67be9ac-00da-4006-8a25-52ebeca8a6af" tags="[(1)]" /><attribute attr-id="25272529-0d54-4ac1-879b-74138c4b76b8" tags="[(1A)]" /></and></condition><otherwise><false-value /></otherwise></conclude><conclude attr-id="7f453898-3173-4fdf-bba6-55f8ee930e65" entity-id="global" scope-id="global0"><value><true-value /></value><condition><and><equals><attribute attr-id="fb7ae466-7570-4bad-b6c8-d3a842c82422" /><string-value>Between associates</string-value></equals><attribute attr-id="6856535e-ef24-4a84-ba6d-dd4da61596cc" tags="[A New Tax System (Goods and Services Tax) Act 1999 Division 72]" /></and></condition><otherwise><false-value /></otherwise></conclude><conclude attr-id="6856535e-ef24-4a84-ba6d-dd4da61596cc" entity-id="global" scope-id="global0" tags="[Income Tax Assessment Act 1936 (Cth) s 318]"><value><true-value /></value><condition><or><attribute attr-id="59faaa15-0a5a-4ce7-ba6c-fb43fa791a8b" tags="[(1)(a)]" /><attribute attr-id="aeceafd3-9988-4745-bbc8-d410a05acb00" tags="[(1)(b)]" /><attribute attr-id="ae143c45-b635-49fb-b72b-f8e2c710ba5b" tags="[(1)(c)]" /><attribute attr-id="61039a5b-ad62-4bae-8ced-8f12319af7ca" tags="[(1)(d)]" /></or></condition><otherwise><false-value /></otherwise></conclude><conclude attr-id="08ae77c6-8c05-4e81-b75e-4b8291ff4990" entity-id="global" scope-id="global0"><value><true-value /></value><condition><and><equals><attribute attr-id="fb7ae466-7570-4bad-b6c8-d3a842c82422" /><string-value>Partly a supply of residential premises</string-value></equals><attribute attr-id="d4333fac-f366-41a4-b6e2-349ce979543f" /></and></condition><otherwise><false-value /></otherwise></conclude><conclude attr-id="d4333fac-f366-41a4-b6e2-349ce979543f" entity-id="global" scope-id="global0" tags="[Law Companion Ruling LCR 2018/04 para 44]"><value><true-value /></value><condition><and><attribute attr-id="f81190db-0349-4a4c-81f4-9322123257ed" tags="[(a)]" /><attribute attr-id="afeec055-2710-4390-a5ee-dc9c3bf52e19" tags="[(b)]" /></and></condition><otherwise><false-value /></otherwise></conclude><conclude attr-id="8182dc01-e312-42d9-b42b-22c5abfd1576" entity-id="global" scope-id="global0"><value><true-value /></value><condition><and><equals><attribute attr-id="fb7ae466-7570-4bad-b6c8-d3a842c82422" /><string-value>Multiple recipients</string-value></equals><attribute attr-id="7a1428c6-c16e-4210-ba13-2f18bafe9478" /></and></condition><otherwise><false-value /></otherwise></conclude><conclude attr-id="7a1428c6-c16e-4210-ba13-2f18bafe9478" entity-id="global" scope-id="global0"><value><true-value /></value><condition><attribute attr-id="dbda3fa5-cb27-4107-a159-ed2bc4f3737f" /></condition><otherwise><false-value /></otherwise></conclude><conclude attr-id="e61ee430-9bba-46b4-a737-2cdbb88ca0e5" entity-id="global" scope-id="global0"><value><true-value /></value><condition><equals><attribute attr-id="fb7ae466-7570-4bad-b6c8-d3a842c82422" /><string-value>Margin Scheme</string-value></equals></condition><otherwise><false-value /></otherwise></conclude><conclude attr-id="00f05200-9d41-49e7-98f9-6f950e5ae15a" entity-id="global" scope-id="global0"><value><true-value /></value><condition><equals><attribute attr-id="fb7ae466-7570-4bad-b6c8-d3a842c82422" /><string-value>Between associates</string-value></equals></condition><otherwise><false-value /></otherwise></conclude><conclude attr-id="3c957977-a385-4f9e-9958-640f03e36983" entity-id="global" scope-id="global0"><value><true-value /></value><condition><equals><attribute attr-id="fb7ae466-7570-4bad-b6c8-d3a842c82422" /><string-value>Partly a supply of residential premises</string-value></equals></condition><otherwise><false-value /></otherwise></conclude><conclude attr-id="a0912888-99b7-48dd-958d-f5fb965a7d02" entity-id="global" scope-id="global0"><value><true-value /></value><condition><equals><attribute attr-id="fb7ae466-7570-4bad-b6c8-d3a842c82422" /><string-value>Multiple recipients</string-value></equals></condition><otherwise><false-value /></otherwise></conclude><conclude attr-id="2482e4bf-b6e0-4bc1-a744-caf14caf41d9" entity-id="global" scope-id="global0"><value><true-value /></value><condition><uncertain><attribute attr-id="7f453898-3173-4fdf-bba6-55f8ee930e65" /></uncertain></condition><otherwise><false-value /></otherwise></conclude><conclude attr-id="2f148325-5113-42ff-8f86-4172d42728cc" entity-id="global" scope-id="global0"><value><true-value /></value><condition><attribute attr-id="dbda3fa5-cb27-4107-a159-ed2bc4f3737f" /></condition><otherwise><false-value /></otherwise></conclude><conclude attr-id="f257ba08-7b0a-4b39-969e-16a2d373758f" entity-id="global" scope-id="global0"><value><true-value /></value><condition><attribute attr-id="54f37d12-4509-4e9a-b0bf-a9c6e4450d7a" /></condition><otherwise><false-value /></otherwise></conclude><conclude attr-id="1ce4e09c-ebef-4b5f-a961-4266240c3205" entity-id="global" scope-id="global0"><value><true-value /></value><condition><or><equals><attribute attr-id="da981830-109c-4d02-b27d-b89284798576" /><string-value>Strong</string-value></equals><equals><attribute attr-id="da981830-109c-4d02-b27d-b89284798576" /><string-value>Fairly accurate</string-value></equals><equals><attribute attr-id="da981830-109c-4d02-b27d-b89284798576" /><string-value>Moderate</string-value></equals><equals><attribute attr-id="da981830-109c-4d02-b27d-b89284798576" /><string-value>Poor</string-value></equals></or></condition><otherwise><false-value /></otherwise></conclude><conclude attr-id="09b1ccc1-cba2-47c1-99c1-7f05c8afea8f" entity-id="global" scope-id="global0"><value><true-value /></value><condition><or><equals><attribute attr-id="5b341976-1a21-4481-b973-b9bb9d692a3c" /><string-value>Very user friendly</string-value></equals><equals><attribute attr-id="5b341976-1a21-4481-b973-b9bb9d692a3c" /><string-value>User friendly but room for improvement</string-value></equals><equals><attribute attr-id="5b341976-1a21-4481-b973-b9bb9d692a3c" /><string-value>Not user friendly</string-value></equals></or></condition><otherwise><false-value /></otherwise></conclude><conclude attr-id="fdce7b21-8ad7-436a-9bc3-49c1a0247384" entity-id="global" scope-id="global0"><value><true-value /></value><condition><or><equals><attribute attr-id="61653754-7286-4cad-b618-43f54f00cfbd" /><string-value>I had a great experience using the application &amp; I will recommend it to my colleagues</string-value></equals><equals><attribute attr-id="61653754-7286-4cad-b618-43f54f00cfbd" /><string-value>I had a good experience with little to no issues</string-value></equals><equals><attribute attr-id="61653754-7286-4cad-b618-43f54f00cfbd" /><string-value>My experiences was average and I several minor issues</string-value></equals><equals><attribute attr-id="61653754-7286-4cad-b618-43f54f00cfbd" /><string-value>I struggled using the application because of either technical issues or it being difficult to navigate</string-value></equals></or></condition><otherwise><false-value /></otherwise></conclude><conclude attr-id="8d866005-4c57-4ab3-a689-dccda02b6a37" entity-id="global" scope-id="global0"><value><true-value /></value><condition><or><equals><attribute attr-id="d665ee78-ece9-4b95-aa4f-2ab75218a651" /><string-value>Very satisfied</string-value></equals><equals><attribute attr-id="d665ee78-ece9-4b95-aa4f-2ab75218a651" /><string-value>Satisfied</string-value></equals><equals><attribute attr-id="d665ee78-ece9-4b95-aa4f-2ab75218a651" /><string-value>Neutral</string-value></equals><equals><attribute attr-id="d665ee78-ece9-4b95-aa4f-2ab75218a651" /><string-value>Unsatisfied</string-value></equals><equals><attribute attr-id="d665ee78-ece9-4b95-aa4f-2ab75218a651" /><string-value>Very unsatisfied</string-value></equals></or></condition><otherwise><false-value /></otherwise></conclude><conclude attr-id="f783059c-e78d-4324-bb27-1844d6123e12" entity-id="global" scope-id="global0"><value><true-value /></value><condition><equals><attribute attr-id="edc967bd-7223-4bd9-a5df-3cd28e07f727" /><string-value>Purchaser</string-value></equals></condition><otherwise><false-value /></otherwise></conclude><conclude attr-id="02037b16-6a95-43f5-bf8a-1a6e3b06d0fa" entity-id="global" scope-id="global0"><value><true-value /></value><condition><equals><attribute attr-id="edc967bd-7223-4bd9-a5df-3cd28e07f727" /><string-value>Seller</string-value></equals></condition><otherwise><false-value /></otherwise></conclude><conclude attr-id="51042e7b-13d7-4575-90d6-ccb8cb4b62fb" entity-id="global" scope-id="global0"><value><true-value /></value><condition><or><equals><attribute attr-id="d24c29da-c4e6-4ec2-8065-a4c8e90957a9" /><string-value>Liability</string-value></equals><equals><attribute attr-id="d24c29da-c4e6-4ec2-8065-a4c8e90957a9" /><string-value>Both</string-value></equals></or></condition><otherwise><false-value /></otherwise></conclude><conclude attr-id="28b03172-efc4-4499-a5a9-38d4f1d9ace5" entity-id="global" scope-id="global0"><value><true-value /></value><condition><and><equals><attribute attr-id="d24c29da-c4e6-4ec2-8065-a4c8e90957a9" /><string-value>Both</string-value></equals><attribute attr-id="eba118f1-7d43-4ceb-a413-95a80f5eebc7" /></and></condition><otherwise><false-value /></otherwise></conclude><conclude attr-id="46c166e3-671c-421a-adb9-56dc6e2a889e" entity-id="global" scope-id="global0"><value><true-value /></value><condition><attribute attr-id="eba118f1-7d43-4ceb-a413-95a80f5eebc7" /></condition><otherwise><false-value /></otherwise></conclude><conclude attr-id="2b067e11-02db-4e2d-a98b-e3f58cd1493b" entity-id="global" scope-id="global0"><value><true-value /></value><condition><or><equals><attribute attr-id="d24c29da-c4e6-4ec2-8065-a4c8e90957a9" /><string-value>Forms</string-value></equals><and><attribute attr-id="773fc2c7-e400-4a94-9012-f7b63a31580f" /><attribute attr-id="eba118f1-7d43-4ceb-a413-95a80f5eebc7" /></and></or></condition><otherwise><false-value /></otherwise></conclude><conclude attr-id="773fc2c7-e400-4a94-9012-f7b63a31580f" entity-id="global" scope-id="global0"><value><true-value /></value><condition><or><equals><attribute attr-id="d24c29da-c4e6-4ec2-8065-a4c8e90957a9" /><string-value>Forms</string-value></equals><equals><attribute attr-id="d24c29da-c4e6-4ec2-8065-a4c8e90957a9" /><string-value>Both</string-value></equals></or></condition><otherwise><false-value /></otherwise></conclude><conclude attr-id="89b4f723-895d-4609-a029-b5dd459da511" entity-id="global" scope-id="global0"><value><true-value /></value><condition><and><equals><attribute attr-id="d24c29da-c4e6-4ec2-8065-a4c8e90957a9" /><string-value>Both</string-value></equals><not><attribute attr-id="eba118f1-7d43-4ceb-a413-95a80f5eebc7" /></not></and></condition><otherwise><false-value /></otherwise></conclude></rules></rulebase>